{
    "key": "post_type_66f015a42b963",
    "title": "Works",
    "menu_order": 0,
    "active": true,
    "post_type": "work",
    "advanced_configuration": false,
    "import_source": "",
    "import_date": "",
    "labels": {
        "name": "Works",
        "singular_name": "Work",
        "menu_name": "Works",
        "all_items": "All Works",
        "edit_item": "Edit Work",
        "view_item": "View Work",
        "view_items": "View Works",
        "add_new_item": "Add New Work",
        "add_new": "Add New Work",
        "new_item": "New Work",
        "parent_item_colon": "Parent Work:",
        "search_items": "Search Works",
        "not_found": "No works found",
        "not_found_in_trash": "No works found in Trash",
        "archives": "Work Archives",
        "attributes": "Work Attributes",
        "featured_image": "",
        "set_featured_image": "",
        "remove_featured_image": "",
        "use_featured_image": "",
        "insert_into_item": "Insert into work",
        "uploaded_to_this_item": "Uploaded to this work",
        "filter_items_list": "Filter works list",
        "filter_by_date": "Filter works by date",
        "items_list_navigation": "Works list navigation",
        "items_list": "Works list",
        "item_published": "Work published.",
        "item_published_privately": "Work published privately.",
        "item_reverted_to_draft": "Work reverted to draft.",
        "item_scheduled": "Work scheduled.",
        "item_updated": "Work updated.",
        "item_link": "Work Link",
        "item_link_description": "A link to a work."
    },
    "description": "",
    "public": true,
    "hierarchical": true,
    "exclude_from_search": false,
    "publicly_queryable": true,
    "show_ui": true,
    "show_in_menu": true,
    "admin_menu_parent": "",
    "show_in_admin_bar": true,
    "show_in_nav_menus": true,
    "show_in_rest": true,
    "rest_base": "",
    "rest_namespace": "wp\/v2",
    "rest_controller_class": "WP_REST_Posts_Controller",
    "menu_position": "",
    "menu_icon": {
        "type": "dashicons",
        "value": "dashicons-admin-post"
    },
    "rename_capabilities": false,
    "singular_capability_name": "post",
    "plural_capability_name": "posts",
    "supports": [
        "title",
        "editor",
        "thumbnail",
        "custom-fields"
    ],
    "taxonomies": [
        "industry"
    ],
    "has_archive": false,
    "has_archive_slug": "",
    "rewrite": {
        "permalink_rewrite": "post_type_key",
        "with_front": "1",
        "feeds": "0",
        "pages": "1"
    },
    "query_var": "post_type_key",
    "query_var_name": "",
    "can_export": true,
    "delete_with_user": false,
    "register_meta_box_cb": "",
    "enter_title_here": "",
    "modified": 1727013981
}
