{
    "key": "taxonomy_66f0160db0a91",
    "title": "Industries",
    "menu_order": 0,
    "active": true,
    "taxonomy": "industry",
    "object_type": [
        "work"
    ],
    "advanced_configuration": 0,
    "import_source": "",
    "import_date": "",
    "labels": {
        "name": "Industries",
        "singular_name": "Industry",
        "menu_name": "Industries",
        "all_items": "All Industries",
        "edit_item": "Edit Industry",
        "view_item": "View Industry",
        "update_item": "Update Industry",
        "add_new_item": "Add New Industry",
        "new_item_name": "New Industry Name",
        "parent_item": "",
        "parent_item_colon": "",
        "search_items": "Search Industries",
        "most_used": "",
        "not_found": "No industries found",
        "no_terms": "No industries",
        "name_field_description": "",
        "slug_field_description": "",
        "parent_field_description": "",
        "desc_field_description": "",
        "filter_by_item": "",
        "items_list_navigation": "Industries list navigation",
        "items_list": "Industries list",
        "back_to_items": "← Go to industries",
        "item_link": "Industry Link",
        "item_link_description": "A link to a industry"
    },
    "description": "",
    "capabilities": {
        "manage_terms": "manage_categories",
        "edit_terms": "manage_categories",
        "delete_terms": "manage_categories",
        "assign_terms": "edit_posts"
    },
    "public": 1,
    "publicly_queryable": 1,
    "hierarchical": 1,
    "show_ui": 1,
    "show_in_menu": 1,
    "show_in_nav_menus": 1,
    "show_in_rest": 1,
    "rest_base": "",
    "rest_namespace": "wp\/v2",
    "rest_controller_class": "WP_REST_Terms_Controller",
    "show_tagcloud": 1,
    "show_in_quick_edit": 1,
    "show_admin_column": 0,
    "rewrite": {
        "permalink_rewrite": "taxonomy_key",
        "with_front": "1",
        "rewrite_hierarchical": "0"
    },
    "query_var": "post_type_key",
    "query_var_name": "",
    "default_term": {
        "default_term_enabled": "0"
    },
    "sort": 0,
    "meta_box": "default",
    "meta_box_cb": "",
    "meta_box_sanitize_cb": "",
    "modified": 1727014006
}
