{
    "key": "ui_options_page_6638bc519d626",
    "title": "Site Options",
    "active": true,
    "menu_order": 0,
    "page_title": "Site Options",
    "menu_slug": "site-options",
    "parent_slug": "none",
    "advanced_configuration": 0,
    "icon_url": "",
    "menu_title": "",
    "position": "",
    "redirect": 0,
    "description": "",
    "menu_icon": [],
    "update_button": "Update",
    "updated_message": "Options Updated",
    "capability": "edit_posts",
    "data_storage": "options",
    "post_id": "",
    "autoload": 0,
    "modified": 1727020963
}
